10.0.0.99,2026-01-28T17:03:55.479232+00:00,port_scan,blocked
10.0.0.99,2026-01-28T17:03:55.480387+00:00,port_scan,blocked
10.0.0.99,2026-01-28T17:03:56.755923+00:00,port_scan,blocked
10.0.0.99,2026-01-28T17:03:56.756647+00:00,port_scan,blocked
10.0.0.99,2026-01-29T09:25:52.903088+00:00,port_scan,blocked
10.0.0.99,2026-01-29T09:25:52.904906+00:00,port_scan,blocked
10.0.0.99,2026-01-29T09:26:10.188167+00:00,port_scan,blocked
10.0.0.99,2026-01-29T09:26:10.189040+00:00,port_scan,blocked
10.0.0.99,2026-01-29T09:26:10.649124+00:00,port_scan,blocked
10.0.0.99,2026-01-29T09:26:10.649734+00:00,port_scan,blocked
10.0.0.99,2026-01-29T12:20:34.071290+00:00,port_scan,blocked
10.0.0.99,2026-01-29T12:20:34.072542+00:00,port_scan,blocked
10.0.0.99,2026-01-29T12:20:34.925290+00:00,port_scan,blocked
10.0.0.99,2026-01-29T12:20:34.926049+00:00,port_scan,blocked
10.0.0.99,2026-01-29T12:20:35.090015+00:00,port_scan,blocked
10.0.0.99,2026-01-29T12:20:35.090921+00:00,port_scan,blocked
10.0.0.99,2026-01-29T12:20:35.223644+00:00,port_scan,blocked
10.0.0.99,2026-01-29T12:20:35.224381+00:00,port_scan,blocked
10.0.0.99,2026-01-29T12:20:35.392789+00:00,port_scan,blocked
10.0.0.99,2026-01-29T12:20:35.393450+00:00,port_scan,blocked
10.0.0.99,2026-02-01T16:33:41.855098+00:00,port_scan,blocked
10.0.0.99,2026-02-01T16:33:41.857321+00:00,port_scan,blocked
10.0.0.99,2026-02-01T16:36:38.712050+00:00,port_scan,blocked
10.0.0.99,2026-02-01T16:36:38.712968+00:00,port_scan,blocked
10.0.0.99,2026-02-01T16:41:33.877326+00:00,port_scan,blocked
10.0.0.99,2026-02-01T16:41:33.879136+00:00,port_scan,blocked
10.0.0.99,2026-02-01T16:43:53.159991+00:00,port_scan,blocked
10.0.0.99,2026-02-01T16:43:53.161864+00:00,port_scan,blocked
10.0.0.99,2026-02-01T17:00:55.854118+00:00,port_scan,blocked
10.0.0.99,2026-02-01T17:00:55.855554+00:00,port_scan,blocked
10.0.0.99,2026-02-01T17:00:56.913118+00:00,port_scan,blocked
10.0.0.99,2026-02-01T17:00:56.914107+00:00,port_scan,blocked
10.0.0.99,2026-02-01T17:00:57.267320+00:00,port_scan,blocked
10.0.0.99,2026-02-01T17:00:57.267933+00:00,port_scan,blocked
10.0.0.99,2026-02-01T17:11:54.029677+00:00,port_scan,blocked
10.0.0.99,2026-02-01T17:11:54.031647+00:00,port_scan,blocked
10.0.0.99,2026-02-01T17:14:22.190700+00:00,port_scan,blocked
10.0.0.99,2026-02-01T17:14:22.191863+00:00,port_scan,blocked
10.0.0.99,2026-02-01T17:14:32.440729+00:00,port_scan,blocked
10.0.0.99,2026-02-01T17:14:32.441462+00:00,port_scan,blocked
